# GO	NS	enrichment	name	ratio_in_study	ratio_in_pop	p_uncorrected	depth	study_count	p_bonferroni	p_sidak	p_holm	p_fdr_bh	study_items
GO:0005996	BP	e	monosaccharide metabolic process	7/30	195/58581	7.752720189680887e-12	4	7	1.1960896708639673e-07	1.1659337477362342e-07	1.1960896708639673e-07	1.1960896708639673e-07	ALDOA, ENO1, GPI, PDK1, PFKFB3, PFKFB4, SLC2A3
GO:0019318	BP	e	hexose metabolic process	6/30	152/58581	1.5580628013879245e-10	5	6	2.40377928998129e-06	2.3431749847603008e-06	2.4036234837011513e-06	1.201889644990645e-06	ALDOA, ENO1, GPI, PDK1, PFKFB3, PFKFB4
GO:0005975	BP	e	carbohydrate metabolic process	7/30	456/58581	2.884671847734053e-09	3	7	4.450471726684097e-05	4.33826602293022e-05	4.44989479231455e-05	1.4834905755613657e-05	ALDOA, ENO1, GPI, PDK1, PFKFB3, PFKFB4, SLC2A3
GO:0006000	BP	e	fructose metabolic process	3/30	15/58581	5.490839765506646e-08	6	3	0.0008471267590223653	0.0008257689210217482	0.0008469620338294002	0.000152536907535669	ALDOA, PFKFB3, PFKFB4
GO:1900371	BP	e	regulation of purine nucleotide biosynthetic process	4/30	72/58581	5.609149583417527e-08	9	4	0.000865379597729656	0.000843561567475625	0.0008651552317463193	0.000152536907535669	ENO1, PDK1, PFKFB3, PFKFB4
GO:0030808	BP	e	regulation of nucleotide biosynthetic process	4/30	73/58581	5.932210560111576e-08	8	4	0.000915221445214014	0.0008921467977030202	0.0009149248346860084	0.000152536907535669	ENO1, PDK1, PFKFB3, PFKFB4
GO:0010941	BP	e	regulation of cell death	9/30	1622/58581	7.915776319508648e-08	4	9	0.0012212459705737942	0.0011904558044969688	0.0012207710239946238	0.00017446371008197063	BCL2L2, DNAJB6, EGFR, EGLN3, ENO1, FOS, GPI, GPR37L1, NDRG1
GO:1900542	BP	e	regulation of purine nucleotide metabolic process	4/30	92/58581	1.5126419183780423e-07	8	4	0.002333703951673644	0.002274866392346906	0.002332645102330779	0.0002917129939592055	ENO1, PDK1, PFKFB3, PFKFB4
GO:0006140	BP	e	regulation of nucleotide metabolic process	4/30	96/58581	1.7958212714033743e-07	7	4	0.002770593057521126	0.0027007406097523164	0.0027691564005040033	0.00030481438085524213	ENO1, PDK1, PFKFB3, PFKFB4
GO:0006735	BP	e	NADH regeneration	3/30	24/58581	2.434931001317555e-07	12	3	0.0037566115488327236	0.0036618995118952876	0.003754420110931538	0.00030481438085524213	ALDOA, ENO1, GPI
GO:0061718	BP	e	glucose catabolic process to pyruvate	3/30	24/58581	2.434931001317555e-07	8	3	0.0037566115488327236	0.0036618995118952876	0.003754420110931538	0.00030481438085524213	ALDOA, ENO1, GPI
GO:0061621	BP	e	canonical glycolysis	3/30	24/58581	2.434931001317555e-07	15	3	0.0037566115488327236	0.0036618995118952876	0.003754420110931538	0.00030481438085524213	ALDOA, ENO1, GPI
GO:0061615	BP	e	glycolytic process through fructose-6-phosphate	3/30	25/58581	2.7660107155648105e-07	13	3	0.004267401331973389	0.004159811215900218	0.004264082119114712	0.00030481438085524213	ALDOA, ENO1, GPI
GO:0061620	BP	e	glycolytic process through glucose-6-phosphate	3/30	25/58581	2.7660107155648105e-07	14	3	0.004267401331973389	0.004159811215900218	0.004264082119114712	0.00030481438085524213	ALDOA, ENO1, GPI
GO:0006006	BP	e	glucose metabolic process	4/30	111/58581	3.220400883447288e-07	6	4	0.004968434482982476	0.004843169854431864	0.0049639259217456495	0.00033122896553216505	ALDOA, ENO1, GPI, PDK1
GO:0006007	BP	e	glucose catabolic process	3/30	28/58581	3.9356778043995965e-07	7	3	0.006071963716627698	0.005918876807231726	0.006066060199921098	0.0003794977322892311	ALDOA, ENO1, GPI
GO:2001171	BP	e	positive regulation of ATP biosynthetic process	3/30	29/58581	4.388277311501501e-07	11	3	0.0067702342361845155	0.006599542466030147	0.0067632129924861135	0.00039824907271673616	ENO1, PFKFB3, PFKFB4
GO:0009987	BP	e	cellular process	20/30	13580/58581	4.985027673680177e-07	1	20	0.0076909006949537765	0.007496996997104326	0.0076824261479085205	0.0004272722608307653	ALDOA, BCL2L2, CGA, CHD2, DNAJB6, EGFR, EGLN3, ENO1, FOS, GPI, GPR37L1, MRPS18A, NDRG1, PDK1, PFKFB3, PFKFB4, RSBN1, SEMA4B, SLC2A3, SNAPC1
GO:0006734	BP	e	NADH metabolic process	3/30	34/58581	7.174084906472918e-07	11	3	0.011068178193706417	0.01078912626398582	0.011055264840874766	0.000582535694405601	ALDOA, ENO1, GPI
GO:1903580	BP	e	positive regulation of ATP metabolic process	3/30	35/58581	7.843943628600473e-07	10	3	0.01210163623020481	0.011796528661125776	0.012086732737310469	0.0006050818115102406	ENO1, PFKFB3, PFKFB4
GO:0006096	BP	e	glycolytic process	3/30	37/58581	9.305626278961878e-07	12	3	0.014356720223182386	0.013994757268428387	0.014338108970624463	0.000683653343961066	ALDOA, ENO1, GPI
GO:0006757	BP	e	ATP generation from ADP	3/30	38/58581	1.0099759887370597e-06	11	3	0.015581909554235357	0.015189057013036335	0.015560700058471879	0.0007031070214362855	ALDOA, ENO1, GPI
GO:1900373	BP	e	positive regulation of purine nucleotide biosynthetic process	3/30	39/58581	1.0937625430691505e-06	10	3	0.016874568514470854	0.01644912533631141	0.01685050573852333	0.0007031070214362855	ENO1, PFKFB3, PFKFB4
GO:0030810	BP	e	positive regulation of nucleotide biosynthetic process	3/30	39/58581	1.0937625430691505e-06	9	3	0.016874568514470854	0.01644912533631141	0.01685050573852333	0.0007031070214362855	ENO1, PFKFB3, PFKFB4
GO:0042866	BP	e	pyruvate biosynthetic process	3/30	41/58581	1.2749153806367754e-06	8	3	0.01966939449246417	0.019173487903909353	0.019638796523328887	0.0007764760957685753	ALDOA, ENO1, GPI
GO:0016310	BP	e	phosphorylation	7/30	1125/58581	1.3085544782203108e-06	5	7	0.020188378489982957	0.019679387229003538	0.020155664628027446	0.0007764760957685753	ALDOA, EGFR, ENO1, GPI, PDK1, PFKFB3, PFKFB4
GO:0044281	BP	e	small molecule metabolic process	8/30	1678/58581	1.4865219864225841e-06	2	8	0.022934061206527627	0.022355845539594216	0.022895411634880642	0.0008494096743158381	ALDOA, EGLN3, ENO1, GPI, PDK1, PFKFB3, PFKFB4, SLC2A3
GO:0006094	BP	e	gluconeogenesis	3/30	44/58581	1.5823152674464752e-06	7	3	0.02441195994616422	0.02379648335986273	0.024369237433943165	0.000871554434976825	ALDOA, ENO1, GPI
GO:1900544	BP	e	positive regulation of purine nucleotide metabolic process	3/30	45/58581	1.6947519477122604e-06	9	3	0.026146633049304754	0.025487421724693662	0.02609917999476881	0.000871554434976825	ENO1, PFKFB3, PFKFB4
GO:0045981	BP	e	positive regulation of nucleotide metabolic process	3/30	45/58581	1.6947519477122604e-06	8	3	0.026146633049304754	0.025487421724693662	0.02609917999476881	0.000871554434976825	ENO1, PFKFB3, PFKFB4
GO:0046031	BP	e	ADP metabolic process	3/30	46/58581	1.8123639667554826e-06	10	3	0.027961151279103584	0.02725619215348343	0.02790678036010092	0.0009019726219065674	ALDOA, ENO1, GPI
GO:0019319	BP	e	hexose biosynthetic process	3/30	47/58581	1.935265270387383e-06	6	3	0.029857272591536543	0.02910450828045961	0.029797279368154534	0.0009330397684855171	ALDOA, ENO1, GPI
GO:0009435	BP	e	NAD biosynthetic process	3/30	49/58581	2.197390711724273e-06	11	3	0.033901343900482085	0.033046620090475994	0.03383102739770691	0.0010273134515297602	ALDOA, ENO1, GPI
GO:0019320	BP	e	hexose catabolic process	3/30	50/58581	2.3368419362473932e-06	6	3	0.036052797392424785	0.03514383093849631	0.03597568160852862	0.0010603763938948465	ALDOA, ENO1, GPI
GO:2001169	BP	e	regulation of ATP biosynthetic process	3/30	51/58581	2.482036620244165e-06	10	3	0.038292860977126975	0.03732741783344269	0.038208471732038674	0.001085437957396278	ENO1, PFKFB3, PFKFB4
GO:0006003	BP	e	fructose 2,6-bisphosphate metabolic process	2/30	5/58581	2.532782374012575e-06	5	2	0.03907576646626601	0.038090584637162174	0.038987119083175564	0.001085437957396278	PFKFB3, PFKFB4
GO:0046364	BP	e	monosaccharide biosynthetic process	3/30	53/58581	2.7901087727161992e-06	5	3	0.043045798145465525	0.04196052351140825	0.042945354229647736	0.0011633999498774465	ALDOA, ENO1, GPI
GO:0006165	BP	e	nucleoside diphosphate phosphorylation	3/30	55/58581	3.1225103816527583e-06	9	3	0.048174090168138756	0.046959520562492446	0.0480585572840176	0.001235233081234327	ALDOA, ENO1, GPI
GO:0051196	BP	e	regulation of coenzyme metabolic process	3/30	55/58581	3.1225103816527583e-06	6	3	0.048174090168138756	0.046959520562492446	0.0480585572840176	0.001235233081234327	PDK1, PFKFB3, PFKFB4
GO:0006754	BP	e	ATP biosynthetic process	3/30	57/58581	3.480142094581205e-06	11	3	0.053691632235198836	0.05233795384993392	0.053555906693510166	0.001309552005736557	ALDOA, ENO1, GPI
GO:0046939	BP	e	nucleotide phosphorylation	3/30	57/58581	3.480142094581205e-06	8	3	0.053691632235198836	0.05233795384993392	0.053555906693510166	0.001309552005736557	ALDOA, ENO1, GPI
GO:0009135	BP	e	purine nucleoside diphosphate metabolic process	3/30	58/58581	3.668699995218855e-06	8	3	0.056600703526236494	0.05517368136720397	0.05645028682643252	0.0013162954308427093	ALDOA, ENO1, GPI
GO:0009179	BP	e	purine ribonucleoside diphosphate metabolic process	3/30	58/58581	3.668699995218855e-06	9	3	0.056600703526236494	0.05517368136720397	0.05645028682643252	0.0013162954308427093	ALDOA, ENO1, GPI
GO:0051186	BP	e	cofactor metabolic process	5/30	472/58581	4.012210494177711e-06	3	5	0.061900383504173734	0.06033974532461256	0.06172785845292409	0.0013636540857599076	ALDOA, EGFR, ENO1, GPI, SLC2A3
GO:0046365	BP	e	monosaccharide catabolic process	3/30	60/58581	4.065859991246808e-06	5	3	0.06272808794495575	0.06114658160467326	0.0625491901053409	0.0013636540857599076	ALDOA, ENO1, GPI
GO:0009185	BP	e	ribonucleoside diphosphate metabolic process	3/30	60/58581	4.065859991246808e-06	8	3	0.06272808794495575	0.06114658160467326	0.0625491901053409	0.0013636540857599076	ALDOA, ENO1, GPI
GO:0046686	BP	e	response to cadmium ion	3/30	63/58581	4.713386028857524e-06	5	3	0.07271811965321387	0.0708847437118669	0.07250130389588642	0.0015471940351747633	EGFR, FOS, GPI
GO:0019674	BP	e	NAD metabolic process	3/30	64/58581	4.943483355246463e-06	10	3	0.07626806120474243	0.0743451838094965	0.07603571748704585	0.0015889179417654673	ALDOA, ENO1, GPI
GO:0019363	BP	e	pyridine nucleotide biosynthetic process	3/30	66/58581	5.425727619466489e-06	9	3	0.083708125713129	0.08159766872511039	0.0834476907873946	0.0016741625142625799	ALDOA, ENO1, GPI
GO:0019359	BP	e	nicotinamide nucleotide biosynthetic process	3/30	66/58581	5.425727619466489e-06	10	3	0.083708125713129	0.08159766872511039	0.0834476907873946	0.0016741625142625799	ALDOA, ENO1, GPI
GO:0044271	BP	e	cellular nitrogen compound biosynthetic process	7/30	1404/58581	5.62049377469386e-06	4	7	0.08671297795597688	0.08452676235599729	0.08643195326724218	0.001684647470763346	ALDOA, EGFR, ENO1, FOS, GPI, MRPS18A, SNAPC1
GO:0006090	BP	e	pyruvate metabolic process	3/30	67/58581	5.67809621984016e-06	7	3	0.08760166847969399	0.08539304713224381	0.08731208557248214	0.001684647470763346	ALDOA, ENO1, GPI
GO:0009206	BP	e	purine ribonucleoside triphosphate biosynthetic process	3/30	68/58581	5.938109975014798e-06	10	3	0.09161316069452831	0.0893034012352753	0.09130437897582754	0.001728550201783553	ALDOA, ENO1, GPI
GO:0019637	BP	e	organophosphate metabolic process	6/30	915/58581	6.158137396724063e-06	4	6	0.09500774375665885	0.09261239975607428	0.09468136247463248	0.0017408055661211144	ALDOA, EGFR, ENO1, GPI, PFKFB3, PFKFB4
GO:0009145	BP	e	purine nucleoside triphosphate biosynthetic process	3/30	69/58581	6.2058793192028316e-06	9	3	0.09574430613666128	0.09333039185740014	0.09540918865342433	0.0017408055661211144	ALDOA, ENO1, GPI
GO:0072525	BP	e	pyridine-containing compound biosynthetic process	3/30	70/58581	6.481514528642289e-06	5	3	0.09999680614789323	0.09747567744603217	0.09964032284881791	0.0017856572526409507	ALDOA, ENO1, GPI
GO:1903578	BP	e	regulation of ATP metabolic process	3/30	72/58581	7.056822863970899e-06	9	3	0.10887266314534304	0.10612775551801519	0.10847748106496066	0.0019100467218481235	ENO1, PFKFB3, PFKFB4
GO:0009201	BP	e	ribonucleoside triphosphate biosynthetic process	3/30	74/58581	7.664914039535924e-06	9	3	0.11825429380196023	0.11527285563701026	0.11781739370170669	0.0020043100644400037	ALDOA, ENO1, GPI
GO:0051193	BP	e	regulation of cofactor metabolic process	3/30	74/58581	7.664914039535924e-06	5	3	0.11825429380196023	0.11527285563701026	0.11781739370170669	0.0020043100644400037	PDK1, PFKFB3, PFKFB4
GO:0042981	BP	e	regulation of apoptotic process	7/30	1491/58581	8.313181310319583e-06	6	7	0.12825576125561053	0.12502216517052825	0.1277652835583017	0.002137596020926842	BCL2L2, DNAJB6, EGFR, EGLN3, ENO1, GPI, NDRG1
GO:0043067	BP	e	regulation of programmed cell death	7/30	1505/58581	8.83318771355593e-06	5	7	0.1362784200447409	0.13284255594613226	0.13574842878192753	0.0022340724597498507	BCL2L2, DNAJB6, EGFR, EGLN3, ENO1, GPI, NDRG1
GO:0009132	BP	e	nucleoside diphosphate metabolic process	3/30	78/58581	8.982948555842312e-06	7	3	0.13858893031953518	0.13509481342272103	0.1380409704576288	0.0022353053277344385	ALDOA, ENO1, GPI
GO:0060548	BP	e	negative regulation of cell death	6/30	987/58581	9.468640045586169e-06	5	6	0.14608217862330342	0.14239914125896092	0.14549512294047706	0.002318764740052435	BCL2L2, DNAJB6, EGFR, ENO1, GPI, GPR37L1
GO:0009168	BP	e	purine ribonucleoside monophosphate biosynthetic process	3/30	82/58581	1.0442600261925317e-05	10	3	0.1611084368409838	0.15704655606820142	0.1604505530244825	0.0024088088122776095	ALDOA, ENO1, GPI
GO:0009127	BP	e	purine nucleoside monophosphate biosynthetic process	3/30	82/58581	1.0442600261925317e-05	9	3	0.1611084368409838	0.15704655606820142	0.1604505530244825	0.0024088088122776095	ALDOA, ENO1, GPI
GO:0050794	BP	e	regulation of cellular process	16/30	10358/58581	1.0457351031473403e-05	3	16	0.16133601171357168	0.15726839330210657	0.1606562838965259	0.0024088088122776095	ALDOA, BCL2L2, CGA, CHD2, DNAJB6, EGFR, EGLN3, ENO1, FOS, GPI, GPR37L1, NDRG1, PDK1, PFKFB3, PFKFB4, SEMA4B
GO:0051171	BP	e	regulation of nitrogen compound metabolic process	12/30	5649/58581	1.0460862744529417e-05	4	12	0.16139019042259986	0.15732120605252445	0.16069977348146092	0.0024088088122776095	CGA, CHD2, DNAJB6, EGFR, EGLN3, ENO1, FOS, GPI, GPR37L1, PDK1, PFKFB3, PFKFB4
GO:0009142	BP	e	nucleoside triphosphate biosynthetic process	3/30	86/58581	1.2050811265374116e-05	8	3	0.18591991620219186	0.18123248612275802	0.1851125118474118	0.0027341164147381154	ALDOA, ENO1, GPI
GO:0008152	BP	e	metabolic process	14/30	8005/58581	1.3047517102403776e-05	1	14	0.20129709385588546	0.19622197295481672	0.200409862692922	0.0029173491863171805	ALDOA, CGA, EGFR, EGLN3, ENO1, FOS, GPI, MRPS18A, PDK1, PFKFB3, PFKFB4, RSBN1, SLC2A3, SNAPC1
GO:0080090	BP	e	regulation of primary metabolic process	12/30	5802/58581	1.3756499688015408e-05	4	12	0.2122352771867017	0.2068843817983883	0.21128607870822866	0.003031932531238596	CGA, CHD2, DNAJB6, EGFR, EGLN3, ENO1, FOS, GPI, GPR37L1, PDK1, PFKFB3, PFKFB4
GO:0019219	BP	e	regulation of nucleobase-containing compound metabolic process	10/30	3877/58581	1.398610801562918e-05	5	10	0.21577767446512697	0.2103374678298241	0.21479864690403294	0.0030391221755651687	CGA, CHD2, DNAJB6, EGFR, EGLN3, ENO1, FOS, PDK1, PFKFB3, PFKFB4
GO:0006732	BP	e	coenzyme metabolic process	4/30	292/58581	1.4962440326260041e-05	4	4	0.2308405293535399	0.2250205566311584	0.22977819609037545	0.0031625871371725868	ALDOA, ENO1, GPI, SLC2A3
GO:0031323	BP	e	regulation of cellular metabolic process	12/30	5850/58581	1.4964276705574206e-05	4	12	0.23086886101359885	0.2250481739907902	0.2297914330907975	0.0031625871371725868	CGA, CHD2, DNAJB6, EGFR, EGLN3, ENO1, FOS, GPI, GPR37L1, PDK1, PFKFB3, PFKFB4
GO:0009156	BP	e	ribonucleoside monophosphate biosynthetic process	3/30	96/58581	1.676648330501693e-05	9	3	0.2586733044298012	0.252151609214469	0.25744935114853496	0.0034955851949973133	ALDOA, ENO1, GPI
GO:0031326	BP	e	regulation of cellular biosynthetic process	10/30	3997/58581	1.824760763607243e-05	5	10	0.28152409060932543	0.27442627926472324	0.28017376764425606	0.0037536545414576725	CGA, CHD2, DNAJB6, EGFR, EGLN3, ENO1, FOS, PDK1, PFKFB3, PFKFB4
GO:0009166	BP	e	nucleotide catabolic process	3/30	100/58581	1.8948745666505645e-05	8	3	0.2923412481428491	0.2849707136245689	0.2909200922178612	0.0038022545020654887	ALDOA, ENO1, GPI
GO:0008150	BP	e	biological_process	20/30	16872/58581	1.8976769293430298e-05	0	20	0.2927735966590426	0.2853921617300856	0.2913313621927419	0.0038022545020654887	ALDOA, BCL2L2, CGA, CHD2, DNAJB6, EGFR, EGLN3, ENO1, FOS, GPI, GPR37L1, MRPS18A, NDRG1, PDK1, PFKFB3, PFKFB4, RSBN1, SEMA4B, SLC2A3, SNAPC1
GO:0046034	BP	e	ATP metabolic process	3/30	101/58581	1.952206458696454e-05	10	3	0.30118641244768896	0.2935928728309396	0.29968321347449267	0.003861364262149858	ALDOA, ENO1, GPI
GO:0044238	BP	e	primary metabolic process	13/30	7127/58581	2.0076688597642955e-05	2	13	0.3097431516844355	0.30193387876864264	0.3081771699738194	0.003920799388410576	ALDOA, CGA, EGFR, EGLN3, ENO1, FOS, GPI, MRPS18A, PDK1, PFKFB3, PFKFB4, SLC2A3, SNAPC1
GO:0044237	BP	e	cellular metabolic process	13/30	7146/58581	2.0666240309688014e-05	2	13	0.31883875549786667	0.31080016337960964	0.3172061225134013	0.003969699489508285	ALDOA, CGA, EGFR, EGLN3, ENO1, FOS, GPI, MRPS18A, PDK1, PFKFB3, PFKFB4, SLC2A3, SNAPC1
GO:0019362	BP	e	pyridine nucleotide metabolic process	3/30	104/58581	2.1310314685191192e-05	8	3	0.3287755349631297	0.3204864158442714	0.32707070978831443	0.003969699489508285	ALDOA, ENO1, GPI
GO:0046496	BP	e	nicotinamide nucleotide metabolic process	3/30	104/58581	2.1310314685191192e-05	9	3	0.3287755349631297	0.3204864158442714	0.32707070978831443	0.003969699489508285	ALDOA, ENO1, GPI
GO:0009889	BP	e	regulation of biosynthetic process	10/30	4070/58581	2.1356303968705445e-05	4	10	0.3294850576291876	0.32117804995941523	0.3277338407037538	0.003969699489508285	CGA, CHD2, DNAJB6, EGFR, EGLN3, ENO1, FOS, PDK1, PFKFB3, PFKFB4
GO:1901292	BP	e	nucleoside phosphate catabolic process	3/30	106/58581	2.256044204354523e-05	7	3	0.3480624998478158	0.3392871159909552	0.34618998315820154	0.004114702212372779	ALDOA, ENO1, GPI
GO:0050789	BP	e	regulation of biological process	16/30	11003/58581	2.3140898069290065e-05	2	16	0.3570177754130071	0.34801661032242304	0.35507393997518677	0.004114702212372779	ALDOA, BCL2L2, CGA, CHD2, DNAJB6, EGFR, EGLN3, ENO1, FOS, GPI, GPR37L1, NDRG1, PDK1, PFKFB3, PFKFB4, SEMA4B
GO:0009124	BP	e	nucleoside monophosphate biosynthetic process	3/30	107/58581	2.320320796450815e-05	8	3	0.3579790924764317	0.3489536905713578	0.35600681979944854	0.004114702212372779	ALDOA, ENO1, GPI
GO:0016052	BP	e	carbohydrate catabolic process	3/30	107/58581	2.320320796450815e-05	4	3	0.3579790924764317	0.3489536905713578	0.35600681979944854	0.004114702212372779	ALDOA, ENO1, GPI
GO:0072524	BP	e	pyridine-containing compound metabolic process	3/30	110/58581	2.5203566752401326e-05	4	3	0.38884062785604767	0.3790371420738349	0.38664791754858874	0.004418643498364178	ALDOA, ENO1, GPI
GO:0062012	BP	e	regulation of small molecule metabolic process	4/30	335/58581	2.5596098128725472e-05	4	4	0.3948966019299766	0.3849404323707147	0.39264414529464875	0.004437040471123333	ENO1, PDK1, PFKFB3, PFKFB4
GO:0010038	BP	e	response to metal ion	4/30	352/58581	3.104002969970237e-05	4	4	0.4788855782070081	0.4668118708294005	0.4761230155637346	0.0053209508689667576	EGFR, FOS, GPI, NDRG1
GO:0006733	BP	e	oxidoreduction coenzyme metabolic process	3/30	119/58581	3.187747440239365e-05	5	3	0.49180567508012923	0.47940622502820585	0.4889367023839138	0.005404457967913508	ALDOA, ENO1, GPI
GO:0071704	BP	e	organic substance metabolic process	13/30	7496/58581	3.4652590187133255e-05	2	13	0.5346201614070919	0.5211412685760191	0.5314667757000627	0.00581108871094665	ALDOA, CGA, EGFR, EGLN3, ENO1, FOS, GPI, MRPS18A, PDK1, PFKFB3, PFKFB4, SLC2A3, SNAPC1
GO:0019222	BP	e	regulation of metabolic process	12/30	6370/58581	3.542478570532702e-05	3	12	0.5465335938617852	0.5327543384725845	0.5432745135768952	0.005876705310341776	CGA, CHD2, DNAJB6, EGFR, EGLN3, ENO1, FOS, GPI, GPR37L1, PDK1, PFKFB3, PFKFB4
GO:0016051	BP	e	carbohydrate biosynthetic process	3/30	124/58581	3.6041740734633295e-05	4	3	0.5560519760539224	0.54203274233477	0.5527000941656016	0.005915446553765132	ALDOA, ENO1, GPI
GO:0009205	BP	e	purine ribonucleoside triphosphate metabolic process	3/30	131/58581	4.2449602597871036e-05	9	3	0.6549124688799544	0.6384007552952428	0.6509222062357545	0.006857954373342288	ALDOA, ENO1, GPI
GO:0035994	BP	e	response to muscle stretch	2/30	19/58581	4.31178100994427e-05	4	2	0.665221574214202	0.6484499465147312	0.6611253822547549	0.006857954373342288	FOS, GPI
GO:0045821	BP	e	positive regulation of glycolytic process	2/30	19/58581	4.31178100994427e-05	12	2	0.665221574214202	0.6484499465147312	0.6611253822547549	0.006857954373342288	PFKFB3, PFKFB4
GO:0062013	BP	e	positive regulation of small molecule metabolic process	3/30	134/58581	4.5409813989717296e-05	5	3	0.7005826102333584	0.6829194568315208	0.6961778582763559	0.007148802145238351	ENO1, PFKFB3, PFKFB4
GO:0006796	BP	e	phosphate-containing compound metabolic process	7/30	1957/58581	4.7571755023987933e-05	4	7	0.7339370365100858	0.7154329482358284	0.729275004517735	0.0072137619865686635	ALDOA, EGFR, ENO1, GPI, PDK1, PFKFB3, PFKFB4
GO:0030813	BP	e	positive regulation of nucleotide catabolic process	2/30	20/58581	4.7893418438713485e-05	9	2	0.7388996596724716	0.7202704532852146	0.7341582112470391	0.0072137619865686635	PFKFB3, PFKFB4
GO:0051197	BP	e	positive regulation of coenzyme metabolic process	2/30	20/58581	4.7893418438713485e-05	7	2	0.7388996596724716	0.7202704532852146	0.7341582112470391	0.0072137619865686635	PFKFB3, PFKFB4
GO:0009199	BP	e	ribonucleoside triphosphate metabolic process	3/30	137/58581	4.850233998392813e-05	8	3	0.7482941012720431	0.7294280413564883	0.7433953649336664	0.0072137619865686635	ALDOA, ENO1, GPI
GO:0009167	BP	e	purine ribonucleoside monophosphate metabolic process	3/30	137/58581	4.850233998392813e-05	9	3	0.7482941012720431	0.7294280413564883	0.7433953649336664	0.0072137619865686635	ALDOA, ENO1, GPI
GO:0065007	BP	e	biological regulation	16/30	11656/58581	4.8792964602770655e-05	1	16	0.7527778578915456	0.7337987530904485	0.7477521825374602	0.0072137619865686635	ALDOA, BCL2L2, CGA, CHD2, DNAJB6, EGFR, EGLN3, ENO1, FOS, GPI, GPR37L1, NDRG1, PDK1, PFKFB3, PFKFB4, SEMA4B
GO:0009126	BP	e	purine nucleoside monophosphate metabolic process	3/30	138/58581	4.956305228002841e-05	8	3	0.7646587705762783	0.7453801231084936	0.7595042131391554	0.0072137619865686635	ALDOA, ENO1, GPI
GO:0009144	BP	e	purine nucleoside triphosphate metabolic process	3/30	138/58581	4.956305228002841e-05	8	3	0.7646587705762783	0.7453801231084936	0.7595042131391554	0.0072137619865686635	ALDOA, ENO1, GPI
GO:0006793	BP	e	phosphorus metabolic process	7/30	1984/58581	5.1875824575015256e-05	3	7	0.8003402215433354	0.7801619700419573	0.7948413841383838	0.0074798151546106115	ALDOA, EGFR, ENO1, GPI, PDK1, PFKFB3, PFKFB4
GO:0034404	BP	e	nucleobase-containing small molecule biosynthetic process	3/30	141/58581	5.2836196114394784e-05	6	3	0.8151568336528827	0.794605024360084	0.8095033606686425	0.007547748459748914	ALDOA, ENO1, GPI
GO:1901135	BP	e	carbohydrate derivative metabolic process	5/30	840/58581	6.340410256018919e-05	3	5	0.9781984942985987	0.9535360636161021	0.9713508512220983	0.008974298112831182	ALDOA, ENO1, GPI, PFKFB3, PFKFB4
GO:0009161	BP	e	ribonucleoside monophosphate metabolic process	3/30	151/58581	6.47626395579062e-05	8	3	0.9991580030993769	0.973967139347364	0.9920988753875651	0.0090832545736307	ALDOA, ENO1, GPI
GO:0019752	BP	e	carboxylic acid metabolic process	5/30	857/58581	6.967753577984496e-05	5	5	1.0	1.0	1.0	0.00964063751430879	ALDOA, EGLN3, ENO1, GPI, SLC2A3
GO:0006109	BP	e	regulation of carbohydrate metabolic process	3/30	155/58581	6.99864792327317e-05	5	3	1.0	1.0	1.0	0.00964063751430879	PDK1, PFKFB3, PFKFB4
GO:0009141	BP	e	nucleoside triphosphate metabolic process	3/30	157/58581	7.269865384883868e-05	7	3	1.0	1.0	1.0	0.009925617978583037	ALDOA, ENO1, GPI
GO:0046434	BP	e	organophosphate catabolic process	3/30	158/58581	7.40801447240032e-05	5	3	1.0	1.0	1.0	0.0100255129193151	ALDOA, ENO1, GPI
GO:0051194	BP	e	positive regulation of cofactor metabolic process	2/30	25/58581	7.550084247580431e-05	6	2	1.0	1.0	1.0	0.010041612049281973	PFKFB3, PFKFB4
GO:0046835	BP	e	carbohydrate phosphorylation	2/30	25/58581	7.550084247580431e-05	6	2	1.0	1.0	1.0	0.010041612049281973	PFKFB3, PFKFB4
GO:0055114	BP	e	oxidation-reduction process	5/30	882/58581	7.976276309785511e-05	2	5	1.0	1.0	1.0	0.010517777000629988	ALDOA, EGLN3, ENO1, GPI, RSBN1
GO:0009108	BP	e	coenzyme biosynthetic process	3/30	163/58581	8.124550123016637e-05	5	3	1.0	1.0	1.0	0.010622505025245818	ALDOA, ENO1, GPI
GO:0043066	BP	e	negative regulation of apoptotic process	5/30	894/58581	8.49866665485537e-05	7	5	1.0	1.0	1.0	0.01096645936502167	BCL2L2, DNAJB6, EGFR, ENO1, GPI
GO:0030335	BP	e	positive regulation of cell migration	4/30	457/58581	8.529784312954371e-05	7	4	1.0	1.0	1.0	0.01096645936502167	CGA, EGFR, GPI, SEMA4B
GO:0035902	BP	e	response to immobilization stress	2/30	27/58581	8.827973256049246e-05	3	2	1.0	1.0	1.0	0.011235821932062205	FOS, GPI
GO:0009152	BP	e	purine ribonucleotide biosynthetic process	3/30	168/58581	8.884951229657693e-05	10	3	1.0	1.0	1.0	0.011235821932062205	ALDOA, ENO1, GPI
GO:0043069	BP	e	negative regulation of programmed cell death	5/30	908/58581	9.14107040433357e-05	6	5	1.0	1.0	1.0	0.011465726357565716	BCL2L2, DNAJB6, EGFR, ENO1, GPI
GO:0009123	BP	e	nucleoside monophosphate metabolic process	3/30	172/58581	9.525658696197268e-05	7	3	1.0	1.0	1.0	0.011851763093946085	ALDOA, ENO1, GPI
GO:1901566	BP	e	organonitrogen compound biosynthetic process	5/30	921/58581	9.770529513397753e-05	4	5	1.0	1.0	1.0	0.012020162862487384	ALDOA, EGFR, ENO1, GPI, MRPS18A
GO:2000147	BP	e	positive regulation of cell motility	4/30	474/58581	9.816829923991511e-05	6	4	1.0	1.0	1.0	0.012020162862487384	CGA, EGFR, GPI, SEMA4B
GO:0006164	BP	e	purine nucleotide biosynthetic process	3/30	175/58581	0.00010025480621178806	9	3	1.0	1.0	1.0	0.012178985434924931	ALDOA, ENO1, GPI
GO:0051173	BP	e	positive regulation of nitrogen compound metabolic process	8/30	3034/58581	0.00010751591773815517	5	8	1.0	1.0	1.0	0.012924367712480017	CGA, EGFR, EGLN3, ENO1, FOS, GPR37L1, PFKFB3, PFKFB4
GO:0051272	BP	e	positive regulation of cellular component movement	4/30	486/58581	0.00010806607693219615	5	4	1.0	1.0	1.0	0.012924367712480017	CGA, EGFR, GPI, SEMA4B
GO:0043436	BP	e	oxoacid metabolic process	5/30	946/58581	0.00011074503229020408	4	5	1.0	1.0	1.0	0.01314287967825591	ALDOA, EGLN3, ENO1, GPI, SLC2A3
GO:0009260	BP	e	ribonucleotide biosynthetic process	3/30	182/58581	0.00011257577281688824	9	3	1.0	1.0	1.0	0.013258160481060701	ALDOA, ENO1, GPI
GO:0010035	BP	e	response to inorganic substance	4/30	493/58581	0.0001141640407734758	3	4	1.0	1.0	1.0	0.013343354704948367	EGFR, FOS, GPI, NDRG1
GO:0044249	BP	e	cellular biosynthetic process	7/30	2264/58581	0.00011864920975155389	3	7	1.0	1.0	1.0	0.013652616541066406	ALDOA, EGFR, ENO1, FOS, GPI, MRPS18A, SNAPC1
GO:1901654	BP	e	response to ketone	3/30	186/58581	0.00012003983197457983	4	3	1.0	1.0	1.0	0.013652616541066406	EGFR, FOS, GPI
GO:0006082	BP	e	organic acid metabolic process	5/30	963/58581	0.00012034974394510185	3	5	1.0	1.0	1.0	0.013652616541066406	ALDOA, EGLN3, ENO1, GPI, SLC2A3
GO:0001775	BP	e	cell activation	5/30	963/58581	0.00012034974394510185	2	5	1.0	1.0	1.0	0.013652616541066406	ALDOA, EGFR, GPI, NDRG1, SLC2A3
GO:0046390	BP	e	ribose phosphate biosynthetic process	3/30	188/58581	0.0001238897850071116	6	3	1.0	1.0	1.0	0.013750874842372071	ALDOA, ENO1, GPI
GO:0072522	BP	e	purine-containing compound biosynthetic process	3/30	188/58581	0.0001238897850071116	5	3	1.0	1.0	1.0	0.013750874842372071	ALDOA, ENO1, GPI
GO:0009612	BP	e	response to mechanical stimulus	3/30	188/58581	0.0001238897850071116	3	3	1.0	1.0	1.0	0.013750874842372071	EGFR, FOS, GPI
GO:0040017	BP	e	positive regulation of locomotion	4/30	505/58581	0.00012519397047131478	4	4	1.0	1.0	1.0	0.013796375545938887	CGA, EGFR, GPI, SEMA4B
GO:0048583	BP	e	regulation of response to stimulus	9/30	4036/58581	0.0001310136423928169	3	9	1.0	1.0	1.0	0.014335308332172902	BCL2L2, CGA, DNAJB6, EGFR, ENO1, FOS, GPI, GPR37L1, SEMA4B
GO:0031325	BP	e	positive regulation of cellular metabolic process	8/30	3142/58581	0.00013707091871879298	5	8	1.0	1.0	1.0	0.01489246573234886	CGA, EGFR, EGLN3, ENO1, FOS, GPR37L1, PFKFB3, PFKFB4
GO:0048522	BP	e	positive regulation of cellular process	10/30	5075/58581	0.0001396820061715554	4	10	1.0	1.0	1.0	0.015070027910592705	CGA, EGFR, EGLN3, ENO1, FOS, GPI, GPR37L1, PFKFB3, PFKFB4, SEMA4B
GO:0034641	BP	e	cellular nitrogen compound metabolic process	8/30	3155/58581	0.00014104468436372338	3	8	1.0	1.0	1.0	0.015111370766413362	ALDOA, CGA, EGFR, ENO1, FOS, GPI, MRPS18A, SNAPC1
GO:0043281	BP	e	regulation of cysteine-type endopeptidase activity involved in apoptotic process	3/30	202/58581	0.00015310952229869668	10	3	1.0	1.0	1.0	0.01629085317258133	DNAJB6, EGLN3, GPI
GO:0009628	BP	e	response to abiotic stimulus	5/30	1023/58581	0.00015946009173294133	2	5	1.0	1.0	1.0	0.016782147694558835	EGFR, EGLN3, FOS, GPI, NDRG1
GO:0072330	BP	e	monocarboxylic acid biosynthetic process	3/30	205/58581	0.00015990249618227565	7	3	1.0	1.0	1.0	0.016782147694558835	ALDOA, ENO1, GPI
GO:0019220	BP	e	regulation of phosphate metabolic process	6/30	1647/58581	0.00016276808375460588	6	6	1.0	1.0	1.0	0.016851793570388244	EGFR, ENO1, GPR37L1, PDK1, PFKFB3, PFKFB4
GO:1901576	BP	e	organic substance biosynthetic process	7/30	2383/58581	0.00016295131335964446	3	7	1.0	1.0	1.0	0.016851793570388244	ALDOA, EGFR, ENO1, FOS, GPI, MRPS18A, SNAPC1
GO:0051174	BP	e	regulation of phosphorus metabolic process	6/30	1649/58581	0.00016384295019174466	5	6	1.0	1.0	1.0	0.016851793570388244	EGFR, ENO1, GPR37L1, PDK1, PFKFB3, PFKFB4
GO:0017144	BP	e	drug metabolic process	4/30	544/58581	0.00016640754028545462	3	4	1.0	1.0	1.0	0.016947714384101354	ALDOA, EGFR, ENO1, GPI
GO:0032570	BP	e	response to progesterone	2/30	37/58581	0.00016697255550838773	6	2	1.0	1.0	1.0	0.016947714384101354	FOS, GPI
GO:0034654	BP	e	nucleobase-containing compound biosynthetic process	5/30	1041/58581	0.00017290565204749095	5	5	1.0	1.0	1.0	0.017435218299272488	ALDOA, ENO1, FOS, GPI, SNAPC1
GO:0071276	BP	e	cellular response to cadmium ion	2/30	38/58581	0.00017619269881782306	6	2	1.0	1.0	1.0	0.017651304917931	EGFR, FOS
GO:0002274	BP	e	myeloid leukocyte activation	4/30	558/58581	0.00018334826191308278	4	4	1.0	1.0	1.0	0.018192545525448897	ALDOA, GPI, NDRG1, SLC2A3
GO:0048545	BP	e	response to steroid hormone	3/30	215/58581	0.00018395366230036477	5	3	1.0	1.0	1.0	0.018192545525448897	EGFR, FOS, GPI
GO:0051188	BP	e	cofactor biosynthetic process	3/30	216/58581	0.00018648020462440405	4	3	1.0	1.0	1.0	0.018324946477358633	ALDOA, ENO1, GPI
GO:0009058	BP	e	biosynthetic process	7/30	2440/58581	0.00018850009329831919	2	7	1.0	1.0	1.0	0.018406198983585243	ALDOA, EGFR, ENO1, FOS, GPI, MRPS18A, SNAPC1
GO:0010562	BP	e	positive regulation of phosphorus metabolic process	5/30	1075/58581	0.000200657833589891	6	5	1.0	1.0	1.0	0.019348431603905238	EGFR, ENO1, GPR37L1, PFKFB3, PFKFB4
GO:0045937	BP	e	positive regulation of phosphate metabolic process	5/30	1075/58581	0.000200657833589891	7	5	1.0	1.0	1.0	0.019348431603905238	EGFR, ENO1, GPR37L1, PFKFB3, PFKFB4
GO:0006110	BP	e	regulation of glycolytic process	2/30	41/58581	0.00020532016837793762	11	2	1.0	1.0	1.0	0.019675028308911935	PFKFB3, PFKFB4
GO:2000116	BP	e	regulation of cysteine-type endopeptidase activity	3/30	225/58581	0.00021023914265034814	9	3	1.0	1.0	1.0	0.02002203390623192	DNAJB6, EGLN3, GPI
GO:0030811	BP	e	regulation of nucleotide catabolic process	2/30	42/58581	0.0002155175512382828	8	2	1.0	1.0	1.0	0.02039880233438176	PFKFB3, PFKFB4
GO:0018130	BP	e	heterocycle biosynthetic process	5/30	1108/58581	0.00023073514819547386	4	5	1.0	1.0	1.0	0.0217059869899986	ALDOA, ENO1, FOS, GPI, SNAPC1
GO:0019438	BP	e	aromatic compound biosynthetic process	5/30	1118/58581	0.00024049588903801657	4	5	1.0	1.0	1.0	0.022487094400475874	ALDOA, ENO1, FOS, GPI, SNAPC1
GO:0009893	BP	e	positive regulation of metabolic process	8/30	3413/58581	0.00024209719235941004	4	8	1.0	1.0	1.0	0.022500454721210712	CGA, EGFR, EGLN3, ENO1, FOS, GPR37L1, PFKFB3, PFKFB4
GO:0007611	BP	e	learning or memory	3/30	244/58581	0.000266650899605913	5	3	1.0	1.0	1.0	0.02463407233006003	EGFR, FOS, GPI
GO:0043470	BP	e	regulation of carbohydrate catabolic process	2/30	48/58581	0.00028181173209007295	6	2	1.0	1.0	1.0	0.02584106006224511	PFKFB3, PFKFB4
GO:0045935	BP	e	positive regulation of nucleobase-containing compound metabolic process	6/30	1825/58581	0.0002830657992299341	6	6	1.0	1.0	1.0	0.02584106006224511	CGA, EGFR, ENO1, FOS, PFKFB3, PFKFB4
GO:0080135	BP	e	regulation of cellular response to stress	4/30	630/58581	0.00029076359881789575	5	4	1.0	1.0	1.0	0.02638765177977939	DNAJB6, EGFR, ENO1, GPR37L1
GO:0009165	BP	e	nucleotide biosynthetic process	3/30	255/58581	0.0003033739108806001	8	3	1.0	1.0	1.0	0.027371068403894142	ALDOA, ENO1, GPI
GO:1901293	BP	e	nucleoside phosphate biosynthetic process	3/30	258/58581	0.00031392597029284146	7	3	1.0	1.0	1.0	0.028158429474871852	ALDOA, ENO1, GPI
GO:0031328	BP	e	positive regulation of cellular biosynthetic process	6/30	1902/58581	0.0003530363384019284	6	6	1.0	1.0	1.0	0.03148349496453729	CGA, EGFR, ENO1, FOS, PFKFB3, PFKFB4
GO:0048518	BP	e	positive regulation of biological process	10/30	5740/58581	0.00038389703535154294	3	10	1.0	1.0	1.0	0.03401550799311366	CGA, EGFR, EGLN3, ENO1, FOS, GPI, GPR37L1, PFKFB3, PFKFB4, SEMA4B
GO:0009891	BP	e	positive regulation of biosynthetic process	6/30	1934/58581	0.0003858383393048283	5	6	1.0	1.0	1.0	0.03401550799311366	CGA, EGFR, ENO1, FOS, PFKFB3, PFKFB4
GO:0050890	BP	e	cognition	3/30	280/58581	0.00039860852760168804	4	3	1.0	1.0	1.0	0.03494166115817525	EGFR, FOS, GPI
GO:1901362	BP	e	organic cyclic compound biosynthetic process	5/30	1250/58581	0.00040121398574648713	4	5	1.0	1.0	1.0	0.034971352384727705	ALDOA, ENO1, FOS, GPI, SNAPC1
GO:1901214	BP	e	regulation of neuron death	3/30	288/58581	0.00043269513561244475	5	3	1.0	1.0	1.0	0.037503486248476395	EGLN3, FOS, GPI
GO:0019242	BP	e	methylglyoxal biosynthetic process	1/30	1/58581	0.0005121114354509416	5	1	1.0	1.0	1.0	0.04413885601193925	GPI
GO:0022414	BP	e	reproductive process	5/30	1336/58581	0.000542915857290441	1	5	1.0	1.0	1.0	0.04653392136820514	ALDOA, BCL2L2, DNAJB6, EGFR, FOS
GO:0046394	BP	e	carboxylic acid biosynthetic process	3/30	314/58581	0.000556259558610324	6	3	1.0	1.0	1.0	0.04741421254276287	ALDOA, ENO1, GPI
GO:0016053	BP	e	organic acid biosynthetic process	3/30	315/58581	0.0005614146596667943	4	3	1.0	1.0	1.0	0.04759068884252363	ALDOA, ENO1, GPI
GO:0044422	CC	e	organelle part	17/30	9146/58581	2.9243234793297473e-07	1	17	0.0005734598342965635	0.0005590080936377103	0.0005734598342965635	0.00031637704123561216	ALDOA, BCL2L2, CGA, CHD2, DNAJB6, EGFR, EGLN3, ENO1, FOS, GPI, MRPS18A, NARF, NDRG1, PDK1, PFKFB3, SLC2A3, SNAPC1
GO:0044464	CC	e	cell part	22/30	16377/58581	3.2266908846059374e-07	1	22	0.0006327540824712243	0.000616808069596719	0.0006324314133827637	0.00031637704123561216	ALDOA, ANKRD37, BCL2L2, CGA, CHD2, DNAJB6, EGFR, EGLN3, ENO1, FOS, GPI, GPR37L1, MRPS18A, NARF, NDRG1, PDK1, PFKFB3, PFKFB4, RSBN1, SEMA4B, SLC2A3, SNAPC1
GO:0005634	CC	e	nucleus	13/30	5244/58581	6.464400453554119e-07	5	13	0.0012676689289419629	0.001235722449857115	0.0012663760488512519	0.00036045931887454465	ALDOA, ANKRD37, CHD2, DNAJB6, EGFR, EGLN3, ENO1, FOS, NARF, NDRG1, PDK1, RSBN1, SNAPC1
GO:0044424	CC	e	intracellular part	20/30	13891/58581	7.352561323295149e-07	2	20	0.0014418372754981786	0.0014055015861759667	0.00143963150710119	0.00036045931887454465	ALDOA, ANKRD37, BCL2L2, CGA, CHD2, DNAJB6, EGFR, EGLN3, ENO1, FOS, GPI, MRPS18A, NARF, NDRG1, PDK1, PFKFB3, PFKFB4, RSBN1, SLC2A3, SNAPC1
GO:0044446	CC	e	intracellular organelle part	16/30	8867/58581	1.2852878370478983e-06	3	16	0.0025204494484509284	0.0024569316925518725	0.002515308297102737	0.0005040898896901857	ALDOA, BCL2L2, CGA, CHD2, DNAJB6, EGFR, EGLN3, FOS, GPI, MRPS18A, NARF, NDRG1, PDK1, PFKFB3, SLC2A3, SNAPC1
GO:0005575	CC	e	cellular_component	22/30	17894/58581	1.7262403559895963e-06	0	22	0.003385157338095598	0.0032998481097699893	0.00337652613631565	0.0005641928896825998	ALDOA, ANKRD37, BCL2L2, CGA, CHD2, DNAJB6, EGFR, EGLN3, ENO1, FOS, GPI, GPR37L1, MRPS18A, NARF, NDRG1, PDK1, PFKFB3, PFKFB4, RSBN1, SEMA4B, SLC2A3, SNAPC1
GO:0044444	CC	e	cytoplasmic part	16/30	9329/58581	2.569748501402448e-06	3	16	0.0050392768112502	0.004912282177574255	0.005023858320241786	0.0007198966873214573	ALDOA, ANKRD37, BCL2L2, CGA, DNAJB6, EGFR, EGLN3, ENO1, FOS, GPI, MRPS18A, NDRG1, PDK1, PFKFB3, PFKFB4, SLC2A3
GO:0043227	CC	e	membrane-bounded organelle	16/30	9573/58581	3.644448155929272e-06	2	16	0.0071467628337773025	0.006966657520646222	0.007121251696685797	0.0008933453542221627	ALDOA, ANKRD37, CHD2, DNAJB6, EGFR, EGLN3, ENO1, FOS, GPI, MRPS18A, NARF, NDRG1, PDK1, RSBN1, SLC2A3, SNAPC1
GO:0043231	CC	e	intracellular membrane-bounded organelle	14/30	7909/58581	1.1327469870740864e-05	4	14	0.022213168416522835	0.02165337515818453	0.022122548657556907	0.002468129824058093	ALDOA, ANKRD37, CHD2, DNAJB6, EGFR, EGLN3, ENO1, FOS, MRPS18A, NARF, NDRG1, PDK1, RSBN1, SNAPC1
GO:0043226	CC	e	organelle	16/30	10571/58581	1.3685448782180451e-05	1	16	0.026837165061855864	0.026160842630366787	0.026713996022816242	0.0026837165061855866	ALDOA, ANKRD37, CHD2, DNAJB6, EGFR, EGLN3, ENO1, FOS, GPI, MRPS18A, NARF, NDRG1, PDK1, RSBN1, SLC2A3, SNAPC1
GO:0005829	CC	e	cytosol	11/30	4885/58581	1.636931709991672e-05	4	11	0.03210023083293669	0.031291274070243846	0.03193653766193752	0.002918202802994245	ALDOA, ANKRD37, BCL2L2, DNAJB6, EGLN3, ENO1, FOS, GPI, NDRG1, PFKFB3, PFKFB4
GO:0031974	CC	e	membrane-enclosed lumen	6/30	1181/58581	2.6010308677681255e-05	1	6	0.05100621531693294	0.049720809519238074	0.050720101921478446	0.003643301094066639	ALDOA, CGA, EGFR, GPI, NARF, PDK1
GO:0070013	CC	e	intracellular organelle lumen	6/30	1181/58581	2.6010308677681255e-05	3	6	0.05100621531693294	0.049720809519238074	0.050720101921478446	0.003643301094066639	ALDOA, CGA, EGFR, GPI, NARF, PDK1
GO:0043233	CC	e	organelle lumen	6/30	1181/58581	2.6010308677681255e-05	2	6	0.05100621531693294	0.049720809519238074	0.050720101921478446	0.003643301094066639	ALDOA, CGA, EGFR, GPI, NARF, PDK1
GO:0044428	CC	e	nuclear part	10/30	4296/58581	3.406520591168455e-05	4	10	0.0668018687928134	0.0651183972999848	0.06632495591004982	0.004453457919520893	CHD2, DNAJB6, EGFR, EGLN3, FOS, GPI, NARF, PDK1, PFKFB3, SNAPC1
GO:0043229	CC	e	intracellular organelle	14/30	9388/58581	8.127577869749643e-05	3	14	0.1593818020257905	0.15536522696531951	0.15816266534532805	0.009961362626611906	ALDOA, ANKRD37, CHD2, DNAJB6, EGFR, EGLN3, ENO1, FOS, MRPS18A, NARF, NDRG1, PDK1, RSBN1, SNAPC1
GO:0031430	CC	e	M band	2/30	29/58581	0.00010204771635601102	5	2	0.2001155717741376	0.19507246644728335	0.19848280831244142	0.011771504222008093	ALDOA, ENO1
GO:0044449	CC	e	contractile fiber part	3/30	212/58581	0.0001765077462361354	4	3	0.3461316903690615	0.3374088380891628	0.3431310586830472	0.019229538353836752	ALDOA, DNAJB6, ENO1
GO:0044421	CC	e	extracellular region part	8/30	3407/58581	0.00023920631681252077	1	8	0.46908358726935323	0.45726222865780064	0.46477787356672784	0.024111944613362187	ALDOA, CGA, EGFR, ENO1, GPI, NDRG1, SEMA4B, SLC2A3
GO:0016020	CC	e	membrane	12/30	7763/58581	0.000245914784430007	1	12	0.48223889226724376	0.4700860072875876	0.47756651136307365	0.024111944613362187	ALDOA, BCL2L2, DNAJB6, EGFR, ENO1, FOS, GPI, GPR37L1, MRPS18A, NDRG1, SEMA4B, SLC2A3
GO:0097489	CC	e	multivesicular body, internal vesicle lumen	1/30	1/58581	0.0005121114354509416	6	1	1.0	0.9789424435600266	0.9940082962102776	0.04782145356758554	EGFR
GO:0048029	MF	e	monosaccharide binding	4/30	74/58581	6.268967292667843e-08	3	4	0.0002897516682671077	0.0002824475201961351	0.0002897516682671077	0.0002897516682671077	ALDOA, EGLN3, GPI, SLC2A3
GO:0005488	MF	e	binding	21/30	14442/58581	2.1669290426617443e-07	1	21	0.0010015546035182581	0.0009763071108324947	0.0010013379106139921	0.0005007773017591291	ALDOA, BCL2L2, CGA, CHD2, DNAJB6, EGFR, EGLN3, ENO1, FOS, GPI, GPR37L1, MRPS18A, NARF, NDRG1, PDK1, PFKFB3, PFKFB4, RSBN1, SEMA4B, SLC2A3, SNAPC1
GO:0003873	MF	e	6-phosphofructo-2-kinase activity	2/30	4/58581	1.5201538072319584e-06	7	2	0.0070261508970261115	0.006849033550893816	0.007023110589411648	0.0023420502990087037	PFKFB3, PFKFB4
GO:0004331	MF	e	fructose-2,6-bisphosphate 2-phosphatase activity	2/30	5/58581	2.532782374012575e-06	8	2	0.011706520132686122	0.011411418617114736	0.011698921785564084	0.0023489511115222126	PFKFB3, PFKFB4
GO:0036094	MF	e	small molecule binding	9/30	2457/58581	2.5410548588513766e-06	2	9	0.011744755557611062	0.011448690191833468	0.011734591338175657	0.0023489511115222126	ALDOA, CHD2, EGFR, EGLN3, GPI, PDK1, PFKFB3, PFKFB4, SLC2A3
GO:0003674	MF	e	molecular_function	21/30	16815/58581	3.3346605418709433e-06	0	21	0.0154128010245275	0.015024270454384907	0.015396127721818146	0.002568800170754583	ALDOA, BCL2L2, CGA, CHD2, DNAJB6, EGFR, EGLN3, ENO1, FOS, GPI, GPR37L1, MRPS18A, NARF, NDRG1, PDK1, PFKFB3, PFKFB4, RSBN1, SEMA4B, SLC2A3, SNAPC1
GO:0008443	MF	e	phosphofructokinase activity	2/30	7/58581	5.3154540623433115e-06	6	2	0.024568028676150787	0.02394871034630055	0.024536135951776727	0.003509718382307255	PFKFB3, PFKFB4
GO:0030246	MF	e	carbohydrate binding	4/30	265/58581	1.0225890480312236e-05	2	4	0.047264065800003155	0.046072618872004215	0.04719248456664097	0.005259547194982575	ALDOA, EGLN3, GPI, SLC2A3
GO:0019203	MF	e	carbohydrate phosphatase activity	2/30	10/58581	1.1379375151411888e-05	6	2	0.052595471949825744	0.051269629316091296	0.05250443694861445	0.005259547194982575	PFKFB3, PFKFB4
GO:0050308	MF	e	sugar-phosphatase activity	2/30	10/58581	1.1379375151411888e-05	7	2	0.052595471949825744	0.051269629316091296	0.05250443694861445	0.005259547194982575	PFKFB3, PFKFB4
GO:0045296	MF	e	cadherin binding	4/30	308/58581	1.8436304801541616e-05	4	4	0.08521260079272534	0.0830645356670779	0.08502823774470993	0.00774660007206594	ALDOA, EGFR, ENO1, NDRG1
GO:0019200	MF	e	carbohydrate kinase activity	2/30	21/58581	5.2917971018754236e-05	5	2	0.24458686204868207	0.23842124213248808	0.24400476436747578	0.02038223850405684	PFKFB3, PFKFB4
GO:1901363	MF	e	heterocyclic compound binding	11/30	5785/58581	7.898705357578707e-05	2	11	0.36507816162728784	0.35587516042991085	0.3641303169843784	0.028082935509791372	ALDOA, CHD2, DNAJB6, EGFR, ENO1, FOS, MRPS18A, PDK1, PFKFB3, PFKFB4, SNAPC1
GO:0097159	MF	e	organic cyclic compound binding	11/30	5866/58581	8.968242527984186e-05	2	11	0.4145121696434291	0.40406302095550967	0.4133462981147911	0.02833209886821221	ALDOA, CHD2, DNAJB6, EGFR, ENO1, FOS, MRPS18A, PDK1, PFKFB3, PFKFB4, SNAPC1
GO:0050839	MF	e	cell adhesion molecule binding	4/30	466/58581	9.19475298622205e-05	3	4	0.4249814830231831	0.41426842070334413	0.42369421760511206	0.02833209886821221	ALDOA, EGFR, ENO1, NDRG1
GO:0005515	MF	e	protein binding	15/30	11294/58581	0.000149984117587861	2	15	0.6932265914910936	0.6757515249927056	0.6909768297272757	0.04332666196819335	ALDOA, BCL2L2, CGA, CHD2, DNAJB6, EGFR, EGLN3, ENO1, FOS, GPI, GPR37L1, NARF, NDRG1, PDK1, SEMA4B
